Type,EMPLOYEE NAME,Section,Department,DESIGNATION,JOINING,EMP NO,GROSS SALARY,BASIC SALARY,HOUSE RENT,MEDICAL ALLOWANCE,CONVEYANCE,FOOD ALLOWANCE, OT RATE ,,,,
Office,Md. Abdus salam,Accounts & Finance,Accounts & Finance,Dy.  Manager Finance & Accounts,09-Jul-19,201,"30,000","18,000","6,000","3,000","1,500","1,500",173,,,,
Office,Misuk Ahammed,Accounts & Finance,Accounts & Finance,Asstt.  Manager Accounts,15-Mar-22,202,"30,000","18,000","6,000","3,000","1,500","1,500",173,,,,
Factory,Md Majedur Rahman,Billing,Finance & Accounts,Executive Billing,15-Oct-22,301,"17,000","10,200","3,400","1,700",850,850,98,,,,
Factory,Md. Azizul Haque,Driver,Delivery,Driver,11-Jun-25,401,"20,000","12,000","4,000","2,000","1,000","1,000",115,,,,
Factory,Md. Shamim,Driver,Administration,MD Sir Driver,14-Jul-26,402,"24,000","14,400","4,800","2,400","1,200","1,200",138,,,,
Factory,Md. Sujon,Driver,Administration,MD Sir Driver,01-Feb-26,403,"24,000","14,400","4,800","2,400","1,200","1,200",138,,,,
Factory,Md. Kamrul Islam,Driver,Delivery,Driver,01-Jan-17,404,"13,000","7,800","2,600","1,300",650,650,75,,,,
Factory,Md. Maruf,Driver,Delivery,Driver,30-Aug-26,405,"13,500","8,100","2,700","1,350",675,675,78,,,,
Factory,Md. Hasan,Driver,Delivery,Driver,06-Jun-26,406,"12,500","7,500","2,500","1,250",625,625,72,,,,
Factory,Md. Sujon,Driver,Delivery,Driver,19-Dec-23,407,"12,000","7,200","2,400","1,200",600,600,69,,,,
Factory,Md. Jannat Mia,Driver,Delivery,Driver,11-Jun-26,408,"12,000","7,200","2,400","1,200",600,600,69,,,,
Factory,Md Naymur,Electrical,Electrical,A.Electrical,01-Dec-24,501,"16,000","9,600","3,200","1,600",800,800,92,,,,
Factory,Md. Tariqul Islam,Filling Man,Production,FillingMan,15-Nov-11,140,"13,100","7,860","2,620","1,310",655,655,76,,,,
Factory,Md. Mizanur Rahman,Filling Man,Production,FillingMan,01-Oct-14,601,"13,100","7,860","2,620","1,310",655,655,76,,,,
Factory,Md.Mukul Miah,Filling Man,Production,FillingMan,01-Mar-15,602,"14,100","8,460","2,820","1,410",705,705,81,,,,
Factory,Md. Abu Taleb,Filling Man,Production,FillingMan,01-May-10,603,"14,300","8,580","2,860","1,430",715,715,83,,,,
Factory,Md. Aslam Hossain,Filling Man,Production,FillingMan,05-Jun-16,604,"12,100","7,260","2,420","1,210",605,605,70,,,,
Factory,Md. Sahadat Ali,Filling Man,Production,FillingMan,01-Nov-20,605,"10,900","6,540","2,180","1,090",545,545,63,,,,26-Apr
Factory,Md. Shahajalal,Filling Man,Production,FillingMan,20-Mar-21,606,"10,800","6,480","2,160","1,080",540,540,62,,,,
Factory,Md. Rofiqul Islam,Filling Man,Production,FillingMan,25-Jul-21,607,"11,100","6,660","2,220","1,110",555,555,64,,,,
Factory,Md. Din Islam,Filling Man,Production,FillingMan,02-Feb-22,608,"10,600","6,360","2,120","1,060",530,530,61,,,,
Factory,Md. Babul,Filling Man,Production,FillingMan,16-Apr-25,609,"13,000","7,800","2,600","1,300",650,650,75,,,,
Factory,Md. Billal,Filling Man,Production,FillingMan,25-Sep-25,610,"10,500","6,300","2,100","1,050",525,525,61,,,,
Factory,Md. Rakib,Filling Man,Production,FillingMan,29-Jul-26,611,"10,500","6,300","2,100","1,050",525,525,61,,,,
Factory,Md Samsul,Filling Man,Production,FillingMan,01-Mar-23,612,"10,900","6,540","2,180","1,090",545,545,63,,,,
Factory,Md. Asgar,Filling Man,Production,FillingMan,15-Jul-26,613,"10,500","6,300","2,100","1,050",525,525,61,,,,
Factory,Md. Babul-2,Filling Man,Production,FillingMan,06-Aug-26,614,"10,500","6,300","2,100","1,050",525,525,61,,,,
Factory,Md. Rumman,Filling Man,Production,FillingMan,25-Apr-26,615,"10,500","6,300","2,100","1,050",525,525,61,,,,
Factory,Md. Sahed,Filling Man,Production,FillingMan,01-Aug-26,616,"10,500","6,300","2,100","1,050",525,525,61,,,,
Factory,Md. Khairul,Filling Man,Production,FillingMan,04-Apr-26,617,"10,500","6,300","2,100","1,050",525,525,61,,,,
Factory,Md. Ripon Islam,General Administration,Administration,Office Asst.,01-Jan-21,701,"12,000","7,200","2,400","1,200",600,600,69,,,,
Factory,Md. Sha Jalal,General Administration,Administration,Imam,01-Dec-20,702,"8,500","5,100","1,700",850,425,425,49,,,,
Factory,"Rajia Sultana - Cook 
(Operator)",General Administration,Administration,Cook,05-Jan-20,703,"6,000","3,600","1,200",600,300,300,35,,,,
Factory,Shahida- Cook (Office),General Administration,Administration,Cook,07-Jan-20,704,"9,500","5,700","1,900",950,475,475,55,,,,
Factory,Shefaly- Cook (Security),General Administration,Administration,Cook,08-Jan-20,705,"4,000","2,400",800,400,200,200,23,,,,
Factory,Bkash &  Kajol Dass Cleaner,General Administration,Administration,Suiper,01-Dec-21,706,"5,000","3,000","1,000",500,250,250,29,,,,
Factory,Md. Sha Alom (Generator Operator),Generator,Administration,Generator Operator,01-Jan-13,707,"10,000","6,000","2,000","1,000",500,500,58,,,,
Factory,Md. Sujon Hossain,Helper,Delivery,Helper,13-May-23,801,"10,000","6,000","2,000","1,000",500,500,58,,,,
Factory,Md. Azizul Islam (Benapol),Helper,Delivery,Argon Loadunload Operator,01-Mar-22,802,"16,500","9,900","3,300","1,650",825,825,95,,,,
Office,Md Rubel,Helper,Delivery,Helper,01-Jun-22,803,"10,000","6,000","2,000","1,000",500,500,58,,,,
Factory,Md. Jaber,Helper,Delivery,Helper,20-May-22,804,"10,000","6,000","2,000","1,000",500,500,58,,,,
Factory,Md.Faysal,Helper,Delivery,Helper,22-Sep-23,805,"10,000","6,000","2,000","1,000",500,500,58,,,,
Factory,Md. Nayeem,Helper,Delivery,Helper,18-Jun-25,806,"10,000","6,000","2,000","1,000",500,500,58,,,,
Factory,Md. Ronju,Helper,Delivery,Helper,01-Nov-25,807,"10,000","6,000","2,000","1,000",500,500,58,,,,
Factory,Md. Masud Rana,IT,IT,IT-Executive,01-Jan-20,901,"26,265","15,759","5,253","2,627","1,313","1,313",152,,,,
Factory,Md. Swokat Ali,Lab,Production,Manager-QC,01-Oct-18,1001,"45,893","27,536","9,179","4,589","2,295","2,295",265,,,,
Factory,Md. Ab Sattar (Death),Load-unload,Delivery,Load-Unload,11-Jan-20,1101,"8,000","4,800","1,600",800,400,400,46,,,,
Factory,Md. Firu Sheikh,Cleaner,Administration,Cleaner,10-Jan-10,708,"17,000","10,200","3,400","1,700",850,850,98,,,,
Factory,Md. Alamgir,Load-unload,Delivery,Load-Unload,05-Feb-10,1103,"13,400","8,040","2,680","1,340",670,670,77,,,,
Factory,Md. Daud,Load-unload,Delivery,Load-Unload,02-Jan-14,1104,"13,000","7,800","2,600","1,300",650,650,75,,,,
Factory,Md. Bashar,Load-unload,Delivery,Load-Unload,15-Apr-19,1105,"13,000","7,800","2,600","1,300",650,650,75,,,,
Factory,Md.Rubel,Load-unload,Delivery,Load-Unload,07-Nov-20,1106,"12,500","7,500","2,500","1,250",625,625,72,,,,
Factory,Md. Hafez Alam,Load-unload,Delivery,Load-Unload,03-Feb-20,1107,"12,000","7,200","2,400","1,200",600,600,69,,,,
Factory,Md. Raju,Load-unload,Delivery,Load-Unload,02-Feb-18,1108,"13,400","8,040","2,680","1,340",670,670,77,,,,
Factory,Md. Safayet,Load-unload,Delivery,Load-Unload,03-Jun-23,1109,"12,000","7,200","2,400","1,200",600,600,69,,,,
Factory,Md. Kawsar,Load-unload,Delivery,Load-Unload,25-Jul-26,1110,"11,000","6,600","2,200","1,100",550,550,63,,,,
Factory,Md. Golam Hossain,Load-unload,Delivery,Load-Unload,03-Dec-23,1111,"12,000","7,200","2,400","1,200",600,600,69,,,,
Factory,Md. Noor Alam,Load-unload,Delivery,Load-Unload,03-Dec-22,1112,"13,000","7,800","2,600","1,300",650,650,75,,,,
Factory,Md. Tuhin,Load-unload,Delivery,Load-Unload,06-Jun-26,1113,"11,000","6,600","2,200","1,100",550,550,63,,,,
Factory,Abdullah,Load-unload,Delivery,Load-Unload,13-Jun-26,1114,"11,200","6,720","2,240","1,120",560,560,65,,,,
Factory,Md. Majharul,Load-unload,Delivery,Load-Unload,11-Aug-26,1115,"11,000","6,600","2,200","1,100",550,550,63,,,,
Factory,Md. Sakib,Load-unload,Delivery,Load-Unload,01-Aug-25,1116,"10,500","6,300","2,100","1,050",525,525,61,,,,
Factory,Md. Nayeem,Load-unload,Delivery,Load-Unload,20-Jan-26,1117,"10,500","6,300","2,100","1,050",525,525,61,,,,
Factory,Md. Kamal,Load-unload,Delivery,Load-Unload,13-Jun-26,1118,"11,000","6,600","2,200","1,100",550,550,63,,,,
Factory,Md. Ibrahim ,Load-unload,Delivery,Load-Unload,15-Jun-26,1119,"11,000","6,600","2,200","1,100",550,550,63,,,,
Factory,Md. Ashik,Load-unload,Delivery,Load-Unload,05-Aug-26,1120,"11,000","6,600","2,200","1,100",550,550,63,,,,
Factory,Md. Sujon Fokir,Load-unload,Delivery,Load-Unload,03-Feb-26,1121,"11,500","6,900","2,300","1,150",575,575,66,,,,
Factory,Md. Shahadat,Machanical,Machanical,Mechanic,01-Jan-17,1201,"16,000","9,600","3,200","1,600",800,800,92,,,,
Factory,Md. Sha Alam,Machanical,Machanical,Mechanic,05-Mar-20,1202,"23,000","13,800","4,600","2,300","1,150","1,150",133,,,,
Factory,Md. Nannu Prodhan,Maintenance,Production,Maintenance Man,01-Jun-11,1301,"18,520","11,112","3,704","1,852",926,926,107,,,,
Factory,Sree Pran Jebon,Maintenance,Production,Maintenance Man,01-Feb-14,1302,"16,400","9,840","3,280","1,640",820,820,95,,,,
Factory,Md Shahin Miah,Operator,Production,Asst. Operator,01-Sep-20,1401,"13,000","7,800","2,600","1,300",650,650,75,,,,
Factory,Md. Bellal Hossain,Operator,Production,Asst. Operator,06-Jan-11,1402,"13,992","8,395","2,798","1,399",700,700,81,,,,
Factory,Md. Ismail,Operator,Production,  Operator,01-Nov-25,1403,"25,000","15,000","5,000","2,500","1,250","1,250",144,,,,
Office,Md.Imdadul Haque,Sales & Marketing,Sales & Marketing,Manager,22-Mar-22,1501,"50,000","30,000","10,000","5,000","2,500","2,500",288,,,,
Factory,Md. Abul Hossain,Security,Administration,Security Incharge,28-Jan-08,1601,"16,000","9,600","3,200","1,600",800,800,92,,,,
Factory,Md. Suruj Miah,Security,Administration,Security Incharge,28-Jan-00,1602,"13,700","8,220","2,740","1,370",685,685,79,,,,
Factory,Md.Al Amin-se-ing,Security,Administration,Security Incharge,05-Sep-21,1603,"13,500","8,100","2,700","1,350",675,675,78,,,,
Factory,Md. Abdus Salam-sec,Security,Administration,Security,04-Feb-06,1604,"12,000","7,200","2,400","1,200",600,600,69,,,,
Factory,Md. Ibrahim Khalil,Security,Administration,Security,05-Dec-19,1605,"10,500","6,300","2,100","1,050",525,525,61,,,,
Factory,Md. Sharafat Uddin,Security,Administration,Security,06-Jul-23,1606,"10,500","6,300","2,100","1,050",525,525,61,,,,
Factory,Md. Rezuanul Hoque,Security,Administration,Security,07-Jul-23,1607,"10,000","6,000","2,000","1,000",500,500,58,,,,
Factory,Md. Rofiqul hoque,Security,Administration,Security,05-Sep-24,1608,"10,000","6,000","2,000","1,000",500,500,58,,,,
Factory,Abdul Haque Badol,Security,Administration,Security,19-Feb-26,1609,"10,000","6,000","2,000","1,000",500,500,58,,,,
Factory,Md. Safayet Ahmed,Security,Administration,Security,01-Apr-26,1610,"10,000","6,000","2,000","1,000",500,500,58,,,,
Factory,Md. Shaharul Islam,Store,Store,Store Keeper,10-Mar-19,1701,"19,000","11,400","3,800","1,900",950,950,110,,,,
Factory,Md.Maynul  Islam,Supervisor,Production,Checker,13-Jan-20,1801,"17,500","10,500","3,500","1,750",875,875,101,,,,
Factory,Md. Sakib,Supervisor,Production,Checker,08-Aug-25,1802,"14,000","8,400","2,800","1,400",700,700,81,,,,
Factory,Md. Monayem,Supervisor,Production,Checker,01-Feb-26,1803,"13,000","7,800","2,600","1,300",650,650,75,,,,
Factory,Onjon Nokrok,Test Room,Production,Test Man,01-Jan-19,1901,"28,485","17,091","5,697","2,849","1,424","1,424",164,,,,
